filename,probability,predicted_label
564629850295.png,0.9946140646934509,1
951291084212.png,0.9906168580055237,1
681623763526.png,0.9837766885757446,1
566053085259.png,0.9834696054458618,1
542435918667.png,0.9779523015022278,1
625807581774.png,0.9711682796478271,1
279755170380.png,0.9561623334884644,1
604603143869.png,0.9533517956733704,1
355582467142.png,0.9498722553253174,1
362375589568.png,0.9425057172775269,1
170698156990.png,0.9324759840965271,1
977021847622.png,0.931446373462677,1
399742699452.png,0.9174160361289978,1
147664808010.png,0.9072951674461365,1
524320648121.png,0.905419647693634,1
324083281478.png,0.8966743350028992,1
787540031668.png,0.8953904509544373,1
719799997627.png,0.8940114974975586,1
586495251641.png,0.8768597841262817,1
896613365572.png,0.8657469153404236,1
219678114886.png,0.8633986115455627,1
844055576905.png,0.7366002798080444,1
245528074167.png,0.7346622943878174,1
685446978489.png,0.7113500237464905,1
782525652923.png,0.6675045490264893,1
562798773431.png,0.6637805700302124,1
578982164291.png,0.6637612581253052,1
508802780343.png,0.6584522724151611,1
348105815734.png,0.6457147598266602,1
958349814856.png,0.6275054216384888,1
231149896261.png,0.5305653214454651,1
671102819139.png,0.5289193391799927,1
205276945487.png,0.4436943531036377,1
458555744067.png,0.4370362162590027,1
153374629051.png,0.4208073616027832,1
955607599181.png,0.40084224939346313,1
856239967674.png,0.3614560663700104,0
454341567557.png,0.35233139991760254,0
368144139845.png,0.3477499186992645,0
862241275072.png,0.3397277593612671,0
725748640078.png,0.2819253206253052,0
687909619384.png,0.275223046541214,0
952263535540.png,0.27411237359046936,0
778249163333.png,0.24756105244159698,0
751466390084.png,0.23989653587341309,0
304748274877.png,0.2353694885969162,0
159286321477.png,0.21851041913032532,0
866782970702.png,0.20484547317028046,0
432903257930.png,0.20484501123428345,0
640997599927.png,0.18574631214141846,0
486161130944.png,0.17340712249279022,0
218111563590.png,0.1595476269721985,0
443406481479.png,0.15483130514621735,0
504997305408.png,0.15248249471187592,0
843802085306.png,0.15204298496246338,0
378498594381.png,0.14686372876167297,0
928579306170.png,0.1462186872959137,0
674766514112.png,0.13539186120033264,0
707019193925.png,0.13214758038520813,0
749652378295.png,0.1308203488588333,0
350190792779.png,0.12904107570648193,0
660268740539.png,0.12535014748573303,0
965941336398.png,0.12524065375328064,0
680389721787.png,0.11932113766670227,0
182139042238.png,0.11185118556022644,0
424861210440.png,0.10455049574375153,0
660122082375.png,0.09296518564224243,0
404078686794.png,0.0917082354426384,0
610251140161.png,0.08329769223928452,0
980431451316.png,0.08320467174053192,0
888217193906.png,0.08266109228134155,0
872675519665.png,0.07952990382909775,0
551640654003.png,0.0761527568101883,0
128845041077.png,0.07431991398334503,0
562776033103.png,0.07007976621389389,0
141961492298.png,0.06955283880233765,0
400661967293.png,0.06881439685821533,0
582472015948.png,0.06711692363023758,0
649725223093.png,0.0657477155327797,0
418500217669.png,0.0646883025765419,0
929710096049.png,0.06466160714626312,0
896345968202.png,0.06367843598127365,0
751985897794.png,0.06252356618642807,0
330478541493.png,0.05753428116440773,0
157529604681.png,0.05664362385869026,0
558366523313.png,0.056468501687049866,0
881101210953.png,0.05626071244478226,0
691846119616.png,0.05263327434659004,0
802389586354.png,0.051883261650800705,0
767633331900.png,0.04996568709611893,0
161519857487.png,0.04987050220370293,0
890461791423.png,0.0489136166870594,0
995665558086.png,0.048815593123435974,0
181551542083.png,0.04877101257443428,0
409623681215.png,0.047964319586753845,0
882017474746.png,0.04607541486620903,0
675181121461.png,0.04279067739844322,0
415758333371.png,0.04055497795343399,0
599521770176.png,0.0389736145734787,0
242734857295.png,0.03216154873371124,0
560589225545.png,0.031709223985672,0
580220962125.png,0.031104927882552147,0
432425945414.png,0.02847752533853054,0
786937190735.png,0.028131447732448578,0
597438235324.png,0.02706330642104149,0
126609531826.png,0.026228541508316994,0
878792542652.png,0.02586275152862072,0
659049896381.png,0.025617673993110657,0
305812476482.png,0.025482313707470894,0
828311381581.png,0.02525961957871914,0
443243066802.png,0.025208698585629463,0
347138032704.png,0.02424921840429306,0
866164936261.png,0.021690664812922478,0
395035623870.png,0.021276013925671577,0
848961442624.png,0.020872395485639572,0
104020215876.png,0.02050109952688217,0
500488490688.png,0.019638216122984886,0
757486156361.png,0.019500503316521645,0
675833464252.png,0.019359247758984566,0
710941504577.png,0.019294194877147675,0
528021681086.png,0.018996071070432663,0
428945136828.png,0.018778912723064423,0
272110482248.png,0.01840480975806713,0
931454845886.png,0.017501650378108025,0
478351718983.png,0.01644144393503666,0
150607646389.png,0.016278918832540512,0
160587515463.png,0.015313061885535717,0
392951849038.png,0.014695920050144196,0
815662885046.png,0.01405334286391735,0
533305089216.png,0.013837485574185848,0
832904336971.png,0.013561512343585491,0
166930390719.png,0.013031212612986565,0
845562035011.png,0.012726553715765476,0
576708385355.png,0.012477255426347256,0
273539075263.png,0.01244335900992155,0
335770693191.png,0.011742066591978073,0
398920140989.png,0.011686515063047409,0
970534787910.png,0.011369890533387661,0
728736315837.png,0.011300879530608654,0
880371212360.png,0.011165425181388855,0
413446250825.png,0.010880444198846817,0
520741652658.png,0.010271742939949036,0
914696999489.png,0.00966682843863964,0
981459982406.png,0.009477539919316769,0
327597131193.png,0.009401783347129822,0
715309650100.png,0.009239108301699162,0
104504770118.png,0.008360394276678562,0
559615547071.png,0.0081639364361763,0
489332805443.png,0.007902968674898148,0
372684432965.png,0.00785819347947836,0
791395343032.png,0.007642835378646851,0
405215369038.png,0.007024299819022417,0
798547517110.png,0.006156754679977894,0
719544668096.png,0.006134271156042814,0
407021146547.png,0.00560075743123889,0
937209296063.png,0.005583638790994883,0
789273639749.png,0.005368523299694061,0
206789740866.png,0.005108198616653681,0
174626159174.png,0.004873252939432859,0
561791262272.png,0.004865431692451239,0
652139179587.png,0.004803949501365423,0
443612020550.png,0.004501101095229387,0
329410121664.png,0.004385398235172033,0
462159067201.png,0.00432219821959734,0
646709475658.png,0.004240121226757765,0
618416624828.png,0.004239167086780071,0
965017457217.png,0.004171741660684347,0
842119859788.png,0.004074188880622387,0
344866275656.png,0.003979343455284834,0
923446064056.png,0.0039241430349648,0
547666281407.png,0.003729288699105382,0
134356427966.png,0.0035976290237158537,0
515634673218.png,0.0034845848567783833,0
487462740670.png,0.003353728912770748,0
725132882109.png,0.0031368527561426163,0
998200930481.png,0.0030188162345439196,0
282069147315.png,0.002990365494042635,0
614729282881.png,0.0023161715362221003,0
208699680446.png,0.0022794550750404596,0
606738348364.png,0.0022578879725188017,0
223371341492.png,0.0022175058256834745,0
502487491663.png,0.0021498033311218023,0
132435632312.png,0.002103448146954179,0
652031382607.png,0.001991559751331806,0
382733492919.png,0.001942056231200695,0
141347789898.png,0.001916354987770319,0
651238494644.png,0.0018202541396021843,0
676627086270.png,0.0017623361200094223,0
585649421642.png,0.0016455668956041336,0
867103731791.png,0.0016022331546992064,0
653964740542.png,0.00158237898722291,0
806755597756.png,0.0015389968175441027,0
123307225679.png,0.0015051148366183043,0
599590264254.png,0.001433270750567317,0
384526585022.png,0.0014149222988635302,0
624544644675.png,0.0013522130902856588,0
761661183158.png,0.0012384374858811498,0
215945966262.png,0.0012266343692317605,0
807950659518.png,0.001219203812070191,0
358894662075.png,0.0011927963932976127,0
242983642550.png,0.0011575514217838645,0
773062076861.png,0.0011482456466183066,0
898498950214.png,0.0011374159948900342,0
396608562753.png,0.0011096425587311387,0
283844885947.png,0.0010755903786048293,0
100283551043.png,0.0007485449314117432,0
276739228227.png,0.000719686271622777,0
591428586176.png,0.0006429863278754056,0
276519951940.png,0.0006018017884343863,0
736637675851.png,0.0005979212000966072,0
392161509565.png,0.0005533609073609114,0
113122366284.png,0.000530419813003391,0
136718624188.png,0.0004328492796048522,0
615967828662.png,0.0004244520387146622,0
600374987330.png,0.0003682543756440282,0
947903081663.png,0.0003253210452385247,0
642583108800.png,0.00032063983962871134,0
232188980152.png,0.0003028665669262409,0
221611990597.png,0.00030186912044882774,0
432247740860.png,0.00028999795904383063,0
626529835699.png,0.00028779724380001426,0
753010313916.png,0.00021221349015831947,0
984706542001.png,0.00018616754096001387,0
306137162049.png,0.00015760584210511297,0
575735549263.png,0.0001389195822412148,0
194798036301.png,0.0001201915874844417,0
857481692095.png,8.512290514772758e-05,0
135802703431.png,8.108778274618089e-05,0
836031575487.png,5.970078200334683e-05,0
988372776260.png,3.493229087325744e-05,0
